"","samples","clade"
"1","GCF_013282665.1_ASM1328266v1_genomic",NA
"2","GCF_021391475.1_ASM2139147v1_genomic",1
"3","GCF_030168025.1_ASM3016802v1_genomic",1
"4","GCF_000250715.1_ASM25071v1_genomic",2
"5","GCF_014843315.1_ASM1484331v1_genomic",2
"6","GCF_030168045.1_ASM3016804v1_genomic",NA
"7","GCF_015689035.1_ASM1568903v1_genomic",NA
"8","GCF_018966805.1_ASM1896680v1_genomic",NA
"9","GCF_030168085.1_ASM3016808v1_genomic",NA
"10","GCF_003812565.1_ASM381256v1_genomic",NA
"11","GCF_030168105.1_ASM3016810v1_genomic",NA
"12","GCF_030168065.1_ASM3016806v1_genomic",3
"13","GCF_000307065.1_ASM30706v1_genomic",3
"14","GCF_001454865.1_ASM145486v1_genomic",3
"15","GCF_001454885.1_ASM145488v1_genomic",3
"16","GCF_008807875.1_ASM880787v1_genomic",NA
"17","GCF_018968745.1_ASM1896874v1_genomic",NA
"18","GCF_013282645.1_ASM1328264v1_genomic",NA
"19","GCF_008807915.1_ASM880791v1_genomic",4
"20","GCF_008807975.1_ASM880797v1_genomic",4
"21","GCF_001188655.1_ASM118865v1_genomic",5
"22","GCF_010443035.1_ASM1044303v1_genomic",5
"23","GCF_000209755.1_ASM20975v1_genomic",5
"24","GCF_000021185.1_ASM2118v1_genomic",5
"25","GCF_000218305.1_ASM21830v1_genomic",5
"26","GCF_000306905.1_ASM30690v1_genomic",NA
"27","GCF_008807555.1_ASM880755v1_genomic",NA
"28","GCF_000438685.2_ASM43868v2_genomic",6
"29","GCF_014843275.1_ASM1484327v1_genomic",6
"30","GCF_000210795.2_ASM21079v2_genomic",6
"31","GCF_000197755.2_ASM19775v2_genomic",6
"32","GCF_023515845.1_ASM2351584v1_genomic",6
"33","GCF_008807435.1_ASM880743v1_genomic",6
"34","GCF_008807615.1_ASM880761v1_genomic",6
"35","GCF_030168185.1_ASM3016818v1_genomic",6
"36","GCF_008807455.1_ASM880745v1_genomic",6
"37","GCF_000438585.1_ASM43858v1_genomic",6
"38","GCF_004142705.1_ASM414270v2_genomic",6
"39","GCF_002101275.1_ASM210127v1_genomic",NA
"40","GCF_001998945.1_ASM199894v1_genomic",7
"41","GCF_014843335.1_ASM1484333v1_genomic",7
"42","GCF_002043045.1_ASM204304v1_genomic",7
"43","GCF_016802645.1_ASM1680264v1_genomic",7
"44","GCF_001188045.2_ASM118804v2_genomic",NA
"45","GCF_027504005.1_ASM2750400v1_genomic",NA
"46","GCF_024399455.1_ASM2439945v1_genomic",8
"47","GCF_016767835.1_ASM1676783v1_genomic",8
"48","GCF_002220325.1_ASM222032v1_genomic",NA
"49","GCF_004771175.1_ASM477117v1_genomic",NA
"50","GCF_008807935.1_ASM880793v1_genomic",NA
"51","GCF_002214105.1_ASM221410v1_genomic",9
"52","GCF_002214085.1_ASM221408v1_genomic",9
"53","GCF_902385845.1_UHGG_MGYG_HGUT_02325_genomic",9
"54","GCF_001908335.2_ASM190833v2_genomic",9
"55","GCF_001005925.2_ASM100592v2_genomic",9
"56","GCF_009648695.1_ASM964869v1_genomic",9
"57","GCF_001027165.1_ASM102716v1_genomic",10
"58","GCF_001548635.2_ASM154863v2_genomic",10
"59","GCF_000438625.1_ASM43862v1_genomic",10
"60","GCF_001999105.1_ASM199910v1_genomic",10
"61","GCF_001999145.1_ASM199914v1_genomic",10
"62","GCF_008807235.1_ASM880723v1_genomic",10
"63","GCF_030168205.1_ASM3016820v1_genomic",10
"64","GCF_001548585.2_ASM154858v2_genomic",10
"65","GCF_002208215.1_ASM220821v1_genomic",10
"66","GCF_002285655.1_ASM228565v1_genomic",10
"67","GCF_002285835.1_ASM228583v1_genomic",10
"68","GCF_028674005.1_ASM2867400v1_genomic",NA
"69","GCF_003032055.1_ASM303205v1_genomic",11
"70","GCF_003031915.1_ASM303191v1_genomic",11
"71","GCF_000307025.1_ASM30702v1_genomic",11
"72","GCF_001454905.1_ASM145490v1_genomic",11
"73","GCF_003031895.1_ASM303189v1_genomic",11
"74","GCF_003390475.1_ASM339047v1_genomic",11
"75","GCF_001454925.1_ASM145492v1_genomic",11
"76","GCF_001889585.2_ASM188958v2_genomic",11
"77","GCF_006364655.1_ASM636465v1_genomic",11
"78","GCF_022869685.1_ASM2286968v1_genomic",11
"79","GCF_008807215.1_ASM880721v1_genomic",11
"80","GCF_008807275.1_ASM880727v1_genomic",11
"81","GCF_000195395.5_ASM19539v6_genomic",11
"82","GCF_002025165.1_ASM202516v1_genomic",11
"83","GCF_000212455.1_ASM21245v1_genomic",11
"84","GCF_009866905.1_ASM986690v1_genomic",11
"85","GCF_001889645.2_ASM188964v2_genomic",11
"86","GCF_003030405.1_ASM303040v1_genomic",11
"87","GCF_001999045.1_ASM199904v1_genomic",11
"88","GCF_027504105.1_ASM2750410v1_genomic",11
"89","GCF_008807255.1_ASM880725v1_genomic",11
"90","GCF_014983505.1_ASM1498350v1_genomic",11
"91","GCF_018336755.1_ASM1833675v1_genomic",11
"92","GCF_018336775.1_ASM1833677v1_genomic",11
"93","GCF_022220765.1_ASM2222076v1_genomic",NA
"94","GCF_002213505.1_ASM221350v1_genomic",12
"95","GCF_002213965.1_ASM221396v1_genomic",12
"96","GCF_001998985.1_ASM199898v1_genomic",NA
"97","GCF_008807955.1_ASM880795v1_genomic",13
"98","GCF_018735785.1_ASM1873578v1_genomic",13
"99","GCF_000258905.1_ASM25890v1_genomic",NA
"100","GCF_018966765.1_ASM1896676v1_genomic",14
"101","GCF_000950775.1_ASM95077v1_genomic",14
"102","GCF_900231485.1_JF5861_complete_genome_genomic",14
"103","GCF_000026705.1_ASM2670v1_genomic",14
"104","GCF_000307085.1_ASM30708v1_genomic",14
"105","GCF_013122235.1_ASM1312223v1_genomic",NA
"106","GCF_009648655.1_ASM964865v1_genomic",15
"107","GCF_022220825.1_ASM2222082v1_genomic",15
"108","GCF_009648595.1_ASM964859v1_genomic",15
"109","GCF_009648675.1_ASM964867v1_genomic",15
"110","GCF_009648635.1_ASM964863v1_genomic",15
"111","GCF_001047715.2_ASM104771v2_genomic",15
"112","GCF_009648615.1_ASM964861v1_genomic",15
"113","GCF_000681515.2_ASM68151v2_genomic",16
"114","GCF_001188025.2_ASM118802v2_genomic",16
"115","GCF_013282705.1_ASM1328270v1_genomic",16
"116","GCF_014334275.1_ASM1433427v1_genomic",16
"117","GCF_018604185.1_ASM1860418v1_genomic",16
"118","GCF_028673815.1_ASM2867381v1_genomic",16
"119","GCF_027504085.1_ASM2750408v1_genomic",16
"120","GCF_000808055.1_ASM80805v1_genomic",16
"121","GCF_004101665.1_ASM410166v1_genomic",16
"122","GCF_014983645.1_ASM1498364v1_genomic",16
"123","GCF_028673515.1_ASM2867351v1_genomic",16
"124","GCF_905219375.1_QI0054_genomic",16
"125","GCF_905219385.1_QI0055_genomic",16
"126","GCF_013137935.1_ASM1313793v1_genomic",16
"127","GCF_030168165.1_ASM3016816v1_genomic",16
"128","GCF_001999165.1_ASM199916v1_genomic",16
"129","GCF_000438705.2_ASM43870v2_genomic",16
"130","GCF_000438745.2_ASM43874v2_genomic",16
"131","GCF_000195435.3_ASM19543v4_genomic",16
"132","GCF_000438725.2_ASM43872v2_genomic",16
"133","GCF_002740915.1_ASM274091v1_genomic",16
"134","GCF_013177415.1_ASM1317741v1_genomic",16
"135","GCF_013177395.1_ASM1317739v1_genomic",16
"136","GCF_013177375.1_ASM1317737v1_genomic",16
"137","GCF_003433415.1_ASM343341v1_genomic",17
"138","GCF_005154665.1_ASM515466v1_genomic",17
"139","GCF_006364035.1_ASM636403v1_genomic",17
"140","GCF_028743575.1_ASM2874357v1_genomic",17
"141","GCF_028673915.1_ASM2867391v1_genomic",18
"142","GCF_016775765.1_ASM1677576v1_genomic",18
"143","GCF_008807195.1_ASM880719v1_genomic",18
"144","GCF_018799085.1_ASM1879908v1_genomic",18
"145","GCF_018736025.1_ASM1873602v1_genomic",18
"146","GCF_026975895.1_ASM2697589v1_genomic",18
"147","GCF_003722375.1_ASM372237v1_genomic",18
"148","GCF_900275645.1_JF5203_1_genomic",18
"149","GCF_003409075.1_ASM340907v1_genomic",18
"150","GCF_028674095.1_ASM2867409v1_genomic",18
"151","GCF_000318055.1_ASM31805v1_genomic",18
"152","GCF_000600015.1_ASM60001v1_genomic",18
"153","GCF_000568935.1_ASM56893v1_genomic",18
"154","GCF_000307615.1_ASM30761v1_genomic",18
"155","GCF_001454845.1_ASM145484v1_genomic",18
"156","GCF_018336715.1_ASM1833671v1_genomic",18
"157","GCF_002214065.1_ASM221406v1_genomic",18
"158","GCF_000438665.2_ASM43866v2_genomic",18
"159","GCF_002214005.1_ASM221400v1_genomic",18
"160","GCF_000513615.1_ASM51361v1_genomic",18
"161","GCF_002213985.1_ASM221398v1_genomic",18
"162","GCF_001999065.1_ASM199906v1_genomic",18
"163","GCF_018106265.1_ASM1810626v1_genomic",18
"164","GCF_002213885.1_ASM221388v1_genomic",18
"165","GCF_002213925.1_ASM221392v1_genomic",18
"166","GCF_002213945.1_ASM221394v1_genomic",18
"167","GCF_000800335.1_ASM80033v1_genomic",18
"168","GCF_000008285.1_ASM828v1_genomic",18
"169","GCF_026976075.1_ASM2697607v1_genomic",18
"170","GCF_016775745.1_ASM1677574v1_genomic",18
"171","GCF_026976295.1_ASM2697629v1_genomic",18
"172","GCF_002116675.1_ASM211667v1_genomic",NA
"173","GCF_002105715.1_ASM210571v1_genomic",NA
"174","GCF_022220725.1_ASM2222072v1_genomic",NA
"175","GCF_003031955.1_ASM303195v1_genomic",NA
"176","GCF_003031935.1_ASM303193v1_genomic",19
"177","GCF_018604285.1_ASM1860428v1_genomic",19
"178","GCF_004771195.1_ASM477119v1_genomic",19
"179","GCF_013282685.1_ASM1328268v1_genomic",19
"180","GCF_002103235.2_ASM210323v2_genomic",20
"181","GCF_000577745.1_6179_18022011_genomic",20
"182","GCF_003030165.1_ASM303016v1_genomic",20
"183","GCF_018604225.1_ASM1860422v1_genomic",20
"184","GCF_000168635.2_ASM16863v2_genomic",21
"185","GCF_001999005.1_ASM199900v1_genomic",21
"186","GCF_009664755.1_ASM966475v1_genomic",22
"187","GCF_018336655.1_ASM1833665v1_genomic",22
"188","GCF_018604245.1_ASM1860424v1_genomic",22
"189","GCF_018604325.1_ASM1860432v1_genomic",22
"190","GCF_002105675.1_ASM210567v1_genomic",NA
"191","GCF_027503885.1_ASM2750388v1_genomic",NA
"192","GCF_030168125.1_ASM3016812v1_genomic",NA
"193","GCF_021391455.1_ASM2139145v1_genomic",NA
"194","GCF_021403065.1_ASM2140306v1_genomic",NA
"195","GCF_900231475.1_LMNC088_complete_genome_genomic",23
"196","GCF_009730615.1_ASM973061v1_genomic",23
"197","GCF_009730635.1_ASM973063v1_genomic",23
"198","GCF_003031975.1_ASM303197v1_genomic",24
"199","GCF_022220785.1_ASM2222078v1_genomic",24
"200","GCF_002213845.1_ASM221384v1_genomic",25
"201","GCF_002213865.1_ASM221386v1_genomic",25
"202","GCF_000438645.1_ASM43864v1_genomic",26
"203","GCF_022682045.1_ASM2268204v1_genomic",26
"204","GCF_000168595.2_ASM16859v2_genomic",27
"205","GCF_002966935.1_ASM296693v1_genomic",27
"206","GCF_000438605.1_ASM43860v1_genomic",27
"207","GCF_003999665.1_ASM399966v1_genomic",27
"208","GCF_002105615.1_ASM210561v1_genomic",27
"209","GCF_009664735.1_ASM966473v1_genomic",27
"210","GCF_008807535.1_ASM880753v1_genomic",NA
"211","GCF_003433495.1_ASM343349v1_genomic",NA
"212","GCF_018336675.1_ASM1833667v1_genomic",28
"213","GCF_018336635.1_ASM1833663v1_genomic",28
"214","GCF_018604305.1_ASM1860430v1_genomic",28
"215","GCF_001513695.1_ASM151369v1_genomic",NA
"216","GCF_003433475.1_ASM343347v1_genomic",29
"217","GCF_027504065.1_ASM2750406v1_genomic",29
"218","GCF_001483445.1_ASM148344v1_genomic",29
"219","GCF_000613085.1_R479A_18022011_genomic",29
"220","GCF_014987905.1_ASM1498790v1_genomic",29
"221","GCF_015583955.1_ASM1558395v1_genomic",29
"222","GCF_014983945.1_ASM1498394v1_genomic",29
"223","GCF_000746625.1_ASM74662v1_genomic",29
"224","GCF_001999025.1_ASM199902v1_genomic",29
"225","GCF_002214025.1_ASM221402v1_genomic",29
"226","GCF_001952735.1_ASM195273v1_genomic",29
"227","GCF_000513695.1_ASM51369v1_genomic",29
"228","GCF_002213685.1_ASM221368v1_genomic",29
"229","GCF_002240265.1_ASM224026v1_genomic",29
"230","GCF_002953995.1_ASM295399v1_genomic",29
"231","GCF_003433435.1_ASM343343v1_genomic",29
"232","GCF_003433455.1_ASM343345v1_genomic",29
"233","GCF_003433535.1_ASM343353v1_genomic",29
"234","GCF_002213525.1_ASM221352v1_genomic",29
"235","GCF_002213545.1_ASM221354v1_genomic",29
"236","GCF_002213625.1_ASM221362v1_genomic",29
"237","GCF_002240245.1_ASM224024v1_genomic",29
"238","GCF_003433595.1_ASM343359v1_genomic",29
"239","GCF_001913195.1_ASM191319v1_genomic",29
"240","GCF_000022925.1_ASM2292v1_genomic",29
"241","GCF_001952795.1_ASM195279v1_genomic",29
"242","GCF_000513675.1_ASM51367v1_genomic",29
"243","GCF_002213645.1_ASM221364v1_genomic",29
"244","GCF_002213665.1_ASM221366v1_genomic",29
"245","GCF_002213905.1_ASM221390v1_genomic",29
"246","GCF_003433575.1_ASM343357v1_genomic",29
"247","GCF_002213705.1_ASM221370v1_genomic",29
"248","GCF_002213725.1_ASM221372v1_genomic",29
"249","GCF_000567965.1_ASM56796v1_genomic",29
"250","GCF_002213605.1_ASM221360v1_genomic",29
"251","GCF_002213565.1_ASM221356v1_genomic",29
"252","GCF_000513595.1_ASM51359v1_genomic",29
"253","GCF_001952755.1_ASM195275v1_genomic",29
"254","GCF_002214045.1_ASM221404v1_genomic",29
"255","GCF_000513635.1_ASM51363v1_genomic",29
"256","GCF_000513655.1_ASM51365v1_genomic",29
"257","GCF_000093125.2_ASM9312v2_genomic",29
"258","GCF_001952775.1_ASM195277v1_genomic",29
"259","GCF_002213585.1_ASM221358v1_genomic",29
"260","GCF_001999085.1_ASM199908v1_genomic",NA
"261","GCF_004768685.1_ASM476868v1_genomic",NA
"262","GCF_001027065.1_ASM102706v1_genomic",NA
"263","GCF_018672415.1_ASM1867241v1_genomic",NA
"264","GCF_003812545.1_ASM381254v1_genomic",NA
"265","GCF_001483405.1_ASM148340v1_genomic",NA
"266","GCF_001999125.1_ASM199912v1_genomic",30
"267","GCF_002105635.1_ASM210563v1_genomic",30
"268","GCF_022220805.1_ASM2222080v1_genomic",NA
"269","GCF_016757715.1_ASM1675771v1_genomic",31
"270","GCF_019332005.1_ASM1933200v1_genomic",31
"271","GCF_000306985.1_ASM30698v1_genomic",32
"272","GCF_016775725.1_ASM1677572v1_genomic",32
"273","GCF_026976255.1_ASM2697625v1_genomic",32
"274","GCF_016728025.1_ASM1672802v1_genomic",NA
"275","GCF_001027125.1_ASM102712v1_genomic",NA
"276","GCF_002105695.1_ASM210569v1_genomic",NA
"277","GCF_029891435.2_ASM2989143v2_genomic",33
"278","GCF_029891535.2_ASM2989153v2_genomic",33
"279","GCF_002213825.1_ASM221382v1_genomic",33
"280","GCF_002213805.1_ASM221380v1_genomic",33
"281","GCF_001998915.1_ASM199891v1_genomic",33
"282","GCF_029872275.2_ASM2987227v2_genomic",33
"283","GCF_001005985.1_ASM100598v1_genomic",33
"284","GCF_029872235.2_ASM2987223v2_genomic",33
"285","GCF_029891455.2_ASM2989145v2_genomic",33
"286","GCF_029891485.2_ASM2989148v2_genomic",33
"287","GCF_029891465.2_ASM2989146v2_genomic",33
"288","GCF_029872295.2_ASM2987229v2_genomic",33
"289","GCF_029891565.2_ASM2989156v2_genomic",33
"290","GCF_030252595.2_ASM3025259v2_genomic",33
"291","GCF_029872245.2_ASM2987224v2_genomic",33
"292","GCF_029872215.2_ASM2987221v2_genomic",33
"293","GCF_029872415.2_ASM2987241v2_genomic",33
"294","GCF_029891475.2_ASM2989147v2_genomic",33
"295","GCF_029872175.2_ASM2987217v2_genomic",33
"296","GCF_029872195.2_ASM2987219v2_genomic",33
"297","GCF_001262395.1_ASM126239v1_genomic",NA
"298","GCF_018735945.1_ASM1873594v1_genomic",34
"299","GCF_002105655.1_ASM210565v1_genomic",34
"300","GCF_001483425.1_ASM148342v1_genomic",34
"301","GCF_018604205.1_ASM1860420v1_genomic",34
"302","GCF_018604265.1_ASM1860426v1_genomic",34
"303","GCF_008807895.1_ASM880789v1_genomic",NA
"304","GCF_001644625.1_ASM164462v1_genomic",35
"305","GCF_013389395.1_ASM1338939v1_genomic",35
"306","GCF_000196035.1_ASM19603v1_genomic",36
"307","GCF_009866885.1_ASM986688v1_genomic",36
"308","GCF_000210815.2_ASM21081v2_genomic",37
"309","GCF_009664775.1_ASM966477v1_genomic",37
"310","GCF_018310555.1_ASM1831055v1_genomic",37
"311","GCF_002848425.1_ASM284842v1_genomic",37
"312","GCF_002848505.1_ASM284850v1_genomic",37
"313","GCF_002969195.1_ASM296919v1_genomic",37
"314","GCF_002213785.1_ASM221378v1_genomic",37
"315","GCF_002213745.1_ASM221374v1_genomic",37
"316","GCF_002213765.1_ASM221376v1_genomic",37
"317","GCF_000168575.2_ASM16857v2_genomic",37
"318","GCF_030168145.1_ASM3016814v1_genomic",37
"319","GCF_021378215.1_ASM2137821v1_genomic",37
"320","GCF_003032075.1_ASM303207v1_genomic",37
"321","GCF_000307005.1_ASM30700v1_genomic",37
"322","GCF_008807635.1_ASM880763v1_genomic",37
"323","GCF_008807475.1_ASM880747v1_genomic",37
"324","GCF_008807495.1_ASM880749v1_genomic",37
"325","GCF_008807595.1_ASM880759v1_genomic",37
"326","GCF_008807515.1_ASM880751v1_genomic",37
"327","GCF_008807575.1_ASM880757v1_genomic",37
"328","GCF_002557735.1_ASM255773v1_genomic",37
"329","GCF_002831485.1_ASM283148v1_genomic",37
"330","GCF_003043895.1_ASM304389v1_genomic",37
"331","GCF_002557815.1_ASM255781v1_genomic",37
"332","GCF_002848465.1_ASM284846v1_genomic",37
"333","GCF_002843525.1_ASM284352v1_genomic",37
"334","GCF_002848485.1_ASM284848v1_genomic",37
"335","GCF_001027085.1_ASM102708v1_genomic",38
"336","GCF_018336695.1_ASM1833669v1_genomic",38
"337","GCF_003900515.1_ASM390051v2_genomic",38
"338","GCF_002214125.1_ASM221412v1_genomic",38
"339","GCF_002214145.1_ASM221414v1_genomic",38
"340","GCF_000168695.2_ASM16869v2_genomic",38
"341","GCF_001027205.1_ASM102720v1_genomic",38
"342","GCF_004763665.1_ASM476366v2_genomic",38
"343","GCF_022220745.1_ASM2222074v1_genomic",38
"344","GCF_001027245.1_ASM102724v1_genomic",38
"345","GCF_900187225.1_51881_G01_genomic",38
"346","GCF_014843295.1_ASM1484329v1_genomic",38
"347","GCF_900637785.1_52592_C02_genomic",38
"348","GCF_000307045.1_ASM30704v1_genomic",38
"349","GCF_900637775.1_52592_D02_genomic",38
"350","GCF_000568475.1_ASM56847v1_genomic",38
"351","GCF_000582845.1_SV_1_genomic",38
"352","GCF_014304655.1_ASM1430465v1_genomic",38
"353","GCF_014304735.1_ASM1430473v1_genomic",38
"354","GCF_014304755.1_ASM1430475v1_genomic",38
"355","GCF_010442835.1_ASM1044283v1_genomic",38
"356","GCF_014304715.1_ASM1430471v1_genomic",38
"357","GCF_014304695.1_ASM1430469v1_genomic",38
"358","GCF_014304775.1_ASM1430477v1_genomic",38
"359","GCF_014304675.1_ASM1430467v1_genomic",38
"360","GCF_018336735.1_ASM1833673v1_genomic",38
"361","GCF_018336795.1_ASM1833679v1_genomic",38
"362","GCF_001551855.1_ASM155185v1_genomic",38
"363","GCF_003045325.1_ASM304532v1_genomic",38
"364","GCF_003045255.1_ASM304525v1_genomic",38
"365","GCF_003045525.1_ASM304552v1_genomic",38
"366","GCF_001596775.2_ASM159677v2_genomic",38
"367","GCF_003045185.1_ASM304518v1_genomic",38
"368","GCF_003045205.1_ASM304520v1_genomic",38
"369","GCF_003045225.1_ASM304522v1_genomic",38
"370","GCF_003045285.1_ASM304528v1_genomic",38
"371","GCF_003045305.1_ASM304530v1_genomic",38
"372","GCF_003045345.1_ASM304534v1_genomic",38
"373","GCF_003045365.1_ASM304536v1_genomic",38
"374","GCF_003045385.1_ASM304538v1_genomic",38
"375","GCF_003045405.1_ASM304540v1_genomic",38
"376","GCF_003045425.1_ASM304542v1_genomic",38
"377","GCF_003045445.1_ASM304544v1_genomic",38
"378","GCF_003045465.1_ASM304546v1_genomic",38
"379","GCF_003045485.1_ASM304548v1_genomic",38
"380","GCF_003045505.1_ASM304550v1_genomic",38
"381","GCF_003045545.1_ASM304554v1_genomic",38
"382","GCF_003045565.1_ASM304556v1_genomic",38
"383","GCF_003045585.1_ASM304558v1_genomic",38
"384","GCF_003045605.1_ASM304560v1_genomic",38
"385","GCF_003045625.1_ASM304562v1_genomic",38
"386","GCF_003144075.1_ASM314407v1_genomic",38
